<?xml version="1.0" encoding="utf-8" ?>
<dwsync>
<file name="Accomodations.html" server="joshuas.smtchs.org/public_html/" local="130894986409368708" remote="130895235600000000" Dst="2" />
<file name="Contact Page.html" server="joshuas.smtchs.org/public_html/" local="130895007813610897" remote="130895235600000000" Dst="2" />
<file name="Formmail 2.php" server="joshuas.smtchs.org/public_html/" local="130895020746709408" remote="130895236200000000" Dst="2" />
<file name="History.html" server="joshuas.smtchs.org/public_html/" local="130894986328406784" remote="130895235600000000" Dst="2" />
<file name="Main Page.html" server="joshuas.smtchs.org/public_html/" local="130894986441503884" remote="130895235600000000" Dst="2" />
<file name="Pictures.html" server="joshuas.smtchs.org/public_html/" local="130894986329654752" remote="130895235600000000" Dst="2" />
<file name="Special Sales Item.html" server="joshuas.smtchs.org/public_html/" local="130895000262673285" remote="130895235600000000" Dst="2" />
<file name="Style Sheet.css" server="joshuas.smtchs.org/public_html/" local="130895007824062696" remote="130895235600000000" Dst="2" />
</dwsync>